{
    "tooth": {
        "white": 1.0
    },
    "skull": {
        "white": 0.5212121605873108,
        "gray": 0.21212121844291687,
        "black": 0.2666666805744171
    },
    "napkin": {
        "white": 1.0
    },
    "towel": {
        "white": 1.0
    },
    "coal": {
        "black": 1.0
    },
    "grass": {
        "green": 1.0
    },
    "snow": {
        "white": 1.0
    },
    "moon": {
        "blue": 0.43801653385162354,
        "white": 0.5619834661483765
    },
    "blue sky": {
        "blue": 1.0
    },
    "broccoli": {
        "green": 1.0
    },
    "tomato": {
        "red": 1.0
    },
    "green pepper": {
        "green": 1.0
    },
    "carrot": {
        "orange": 1.0
    },
    "asparagus": {
        "green": 1.0
    },
    "strawberry": {
        "red": 1.0
    },
    "blueberry": {
        "blue": 0.6323024034500122,
        "black": 0.3676975965499878
    },
    "mayonnaise": {
        "white": 1.0
    },
    "marshmallow": {
        "white": 1.0
    },
    "chocolate sauce": {
        "brown": 1.0
    },
    "wedding cake": {
        "white": 1.0
    },
    "tennis ball": {
        "yellow": 1.0
    },
    "football": {
        "brown": 0.6794871687889099,
        "white": 0.3205128312110901
    },
    "cab": {
        "yellow": 1.0
    },
    "yacht": {
        "white": 1.0
    },
    "school bus": {
        "yellow": 1.0
    },
    "car tire": {
        "black": 1.0
    },
    "coin slot": {
        "gray": 0.46875,
        "black": 0.53125
    },
    "faucet": {
        "gray": 1.0
    },
    "toilet tissue": {
        "white": 1.0
    },
    "sunglasses": {
        "black": 1.0
    },
    "sand": {
        "brown": 1.0
    },
    "fork": {
        "gray": 1.0
    },
    "spoon": {
        "gray": 1.0
    },
    "butter knife": {
        "gray": 1.0
    },
    "kitchen sink": {
        "white": 0.3499999940395355,
        "gray": 0.6499999761581421
    },
    "sunflower": {
        "yellow": 1.0
    },
    "sink": {
        "white": 1.0
    },
    "pigeon": {
        "black": 1.0
    },
    "zebra": {
        "white": 0.5008883476257324,
        "black": 0.4991116225719452
    },
    "giraffe": {
        "brown": 0.5370184779167175,
        "white": 0.46298152208328247
    },
    "road": {
        "gray": 0.661552906036377,
        "black": 0.33844712376594543
    },
    "cone": {
        "orange": 1.0
    },
    "cloud": {
        "white": 1.0
    },
    "coconut": {
        "brown": 1.0
    },
    "egg": {
        "yellow": 0.29921260476112366,
        "brown": 0.27996501326560974,
        "white": 0.420822411775589
    },
    "cheese": {
        "yellow": 0.4322222173213959,
        "white": 0.5677777528762817
    },
    "bread": {
        "brown": 1.0
    },
    "banana": {
        "yellow": 1.0
    },
    "onion": {
        "purple": 1.0
    },
    "sauce": {
        "red": 1.0
    },
    "laptop": {
        "gray": 0.5389478802680969,
        "black": 0.4610520899295807
    },
    "camera": {
        "black": 1.0
    },
    "earphone": {
        "black": 1.0
    },
    "television": {
        "black": 1.0
    },
    "cellular telephone": {
        "black": 1.0
    },
    "baseball glove": {
        "brown": 0.4791666567325592,
        "black": 0.5208333134651184
    },
    "soccer ball": {
        "white": 1.0
    },
    "bear": {
        "brown": 1.0
    },
    "cat": {
        "brown": 0.2410789579153061,
        "white": 0.28669100999832153,
        "gray": 0.18638193607330322,
        "black": 0.28584808111190796
    },
    "horse": {
        "brown": 1.0
    },
    "bull": {
        "brown": 0.49898579716682434,
        "black": 0.5010141730308533
    },
    "beard": {
        "brown": 0.3222416639328003,
        "white": 0.1900174915790558,
        "gray": 0.10420314222574234,
        "black": 0.383537620306015
    },
    "mouse": {
        "white": 0.32121211290359497,
        "black": 0.678787887096405
    },
    "brick": {
        "red": 1.0
    },
    "clock": {
        "white": 0.5002928376197815,
        "black": 0.4997071623802185
    },
    "frisbee": {
        "red": 0.11600429564714432,
        "orange": 0.14393125474452972,
        "yellow": 0.17561762034893036,
        "blue": 0.15574650466442108,
        "white": 0.4087003469467163
    },
    "bicycle seat": {
        "black": 1.0
    },
    "street sign": {
        "green": 0.37792643904685974,
        "blue": 0.15575729310512543,
        "white": 0.2957477271556854,
        "black": 0.1705685704946518
    },
    "suit": {
        "black": 1.0
    },
    "flag": {
        "red": 0.39160841703414917,
        "blue": 0.26884227991104126,
        "white": 0.33954936265945435
    },
    "rug": {
        "red": 0.17160120606422424,
        "brown": 0.4598187208175659,
        "blue": 0.16586102545261383,
        "white": 0.20271901786327362
    },
    "pillow": {
        "brown": 0.337649405002594,
        "white": 0.662350594997406
    },
    "dress": {
        "blue": 0.2881944477558136,
        "white": 0.45081016421318054,
        "black": 0.26099535822868347
    },
    "skirt": {
        "blue": 0.3233082592487335,
        "black": 0.6766917705535889
    },
    "shirt": {
        "blue": 0.3633868396282196,
        "white": 0.42029741406440735,
        "black": 0.21631574630737305
    },
    "bow tie": {
        "black": 1.0
    },
    "cup": {
        "white": 1.0
    },
    "cake": {
        "brown": 0.556347668170929,
        "white": 0.44365236163139343
    },
    "car": {
        "red": 0.19311991333961487,
        "blue": 0.17790085077285767,
        "white": 0.1822684407234192,
        "gray": 0.17393849790096283,
        "black": 0.27277231216430664
    },
    "chair": {
        "brown": 0.4468485414981842,
        "blue": 0.14048291742801666,
        "white": 0.19363437592983246,
        "black": 0.21903418004512787
    },
    "flower": {
        "red": 0.19908268749713898,
        "yellow": 0.26940974593162537,
        "purple": 0.13699814677238464,
        "pink": 0.22188247740268707,
        "white": 0.17262697219848633
    },
    "bird": {
        "brown": 0.20737244188785553,
        "white": 0.2557653784751892,
        "black": 0.5368621945381165
    },
    "bicycle": {
        "black": 1.0
    },
    "doughnut": {
        "brown": 1.0
    },
    "glove": {
        "black": 1.0
    },
    "bag": {
        "white": 0.3105681836605072,
        "black": 0.6894317865371704
    },
    "kite": {
        "red": 0.3152952492237091,
        "yellow": 0.2219744175672531,
        "blue": 0.3117736876010895,
        "black": 0.15095669031143188
    },
    "surfboard": {
        "white": 1.0
    },
    "watchband": {
        "black": 1.0
    },
    "pen": {
        "blue": 0.3688760995864868,
        "black": 0.631123960018158
    }
}